States,Health Access,Mental Health,Avg Age,Default Rate,DeathRate,Political inclination
Nebraska,11.5,7.210000038,37.5146056,0.077477127,3.1,
South Dakota,7.800000191,6.110000134,38.15611979,0.127366777,3.5,
Hawaii,8.199999809,5.650000095,39.05534705,0.094644596,4.1,
Texas,18.29999924,5.679999828,35.55167768,0.104364875,4.7,
North Dakota,7.699999809,6.369999886,37.41825378,0.061991476,4.8,
California,12.19999981,5.900000095,37.24374641,0.082402747,4.9,
Montana,11.30000019,6.920000076,39.91916542,0.094495752,5,
Mississippi,18.70000076,5.880000114,37.63013642,0.140651003,5.3,
Kansas,11,7.010000229,37.623083,0.106592522,5.4,
Iowa,7.199999809,6.409999847,38.83829311,0.115061429,5.8,
Idaho,13.69999981,7.139999866,37.05818615,0.09484136,6,
Alabama,16.5,6.809999943,38.80329283,0.12849428,6.1,
Minnesota,8.399999619,7.360000134,38.40752303,0.077611815,6.2,
Louisiana,16.29999924,6.829999924,37.48253804,0.111348658,6.3,
Arkansas,15.5,7.78000021,38.44661313,0.103521651,7.2,
Oregon,12.89999962,7.510000229,39.54009293,0.12126255,7.9,
Wyoming,11.69999981,7.510000229,37.68937242,0.123434992,7.9,
Georgia,15.60000038,6.429999828,36.76344091,0.112790052,8.4,
Indiana,14.30000019,7.889999866,37.9817674,0.111840003,8.5,
Colorado,11.60000038,7.25,37.30478978,0.112003515,8.7,
Washington,11.10000038,7.5,38.22056814,0.092712688,9.3,
Florida,17.10000038,5.949999809,41.18171677,0.117989042,9.4,
New Jersey,12.30000019,6.46999979,39.07707535,0.084568342,9.8,
Virginia,12.10000038,7.929999828,38.14676083,0.093851287,9.9,
Arizona,15.30000019,6.769999981,38.31912467,0.12364214,10.2,
Illinois,11.10000038,5.980000019,38.15174337,0.097906184,10.7,
New York,12.10000038,6.519999981,38.86280902,0.079362337,10.8,
Alaska,13.60000038,6.730000019,34.82553979,0.126005362,11,
Oklahoma,15.19999981,6.829999924,37.51965056,0.140066381,11.2,
Pennsylvania,11.60000038,6.889999866,40.21118855,0.090416136,11.2,
Wisconsin,9.300000191,6.559999943,39.234791,0.097196422,11.2,
South Carolina,16.39999962,6.480000019,39.03517072,0.070975178,11.4,
Missouri,13.80000019,6.619999886,38.79833988,0.10200115,11.7,
North Carolina,15.5,7.46999979,38.42669118,0.107957702,11.9,
Vermont,7.599999905,7.929999828,41.31960156,0.059572941,13.4,
Michigan,12.69999981,6.570000172,39.29560519,0.131594715,13.6,
Nevada,15.10000038,6.929999828,38.05940063,0.153251586,13.8,
District_of_Columbia,8.800000191,6.599999905,36.44529683,0.085107382,14.5,
Delaware,11.30000019,6.389999866,39.642474,0.095299838,14.8,
Utah,12.60000038,7.019999981,32.9228891,0.081090368,15.9,
Tennessee,15.5,6.96999979,38.69577454,0.091637578,16,
Maryland,10.80000019,6.019999981,38.38052205,0.094368453,17.7,
New Mexico,13.60000038,6.590000153,38.24397621,0.163326148,17.9,
Connecticut,11,6.769999981,39.84178362,0.102044067,19.2,
Maine,9.399999619,7.880000114,42.19439897,0.105357819,19.3,
Kentucky,12.30000019,7.599999905,38.70955881,0.141420753,21,
Massachusetts,8.600000381,7.289999962,39.44690836,0.060631774,23.3,
Rhode Island,10.30000019,7.079999924,39.73907647,0.064153178,23.5,
Ohio,10.69999981,7.739999771,39.21611768,0.121532446,24.7,
New Hampshire,8.800000191,8.710000038,40.82892633,0.09651205,31.3,
West Virginia,13.80000019,8.289999962,40.91145083,0.177543945,36,